model,concurrency,n,errors,wall_s,requests_per_sec,agg_tokens_per_sec,ttft_ms_p50,ttft_ms_p90,ttft_ms_p95,ttft_ms_p99,ttft_ms_mean,latency_ms_p50,latency_ms_p90,latency_ms_p95,latency_ms_p99,latency_ms_mean,per_request_tok_s_p50
gemma4-e4b-q4km,1,30,0,24.265095983981155,1.236343759769374,29.795884610441913,435.85,485.28000000000003,526.3449999999999,538.142,433.9233333333333,806.7,918.88,929.4,1033.7490000000003,808.18,62.05
gemma4-e4b-q4km,2,30,0,14.984148843970615,2.0021157232478726,48.51793769337344,587.75,731.21,813.545,884.383,613.8933333333334,966.1,1158.29,1201.405,1289.7310000000002,987.3233333333334,63.25
gemma4-e4b-q4km,4,30,0,13.382797444006428,2.2416837828951595,54.32347033882603,1339.5,1554.29,1566.9599999999998,1619.71,1324.9866666666667,1756.25,1931.33,1963.37,2037.38,1700.8166666666664,62.349999999999994
gemma4-e4b-q4km,8,30,0,13.387170948029961,2.240951438990533,54.380421586170264,3077.6,3382.1,3422.95,3463.562,2822.116666666667,3515.8,3745.95,3807.885,3877.617,3197.8433333333332,62.8
gemma4-e4b-q4km,16,48,0,21.274566520994995,2.2562151831686337,55.183263021666164,6617.85,6886.52,6920.045,7069.535000000001,5673.260416666667,6993.4,7245.56,7339.69,7425.43,6049.470833333333,65.25
gemma4-12b-q4km,1,30,0,40.19475925102597,0.7463659581251069,20.10212313883621,606.5,768.11,779.375,794.537,629.6633333333334,1369.25,1582.14,1609.03,1626.231,1339.2366666666667,38.05
gemma4-12b-q4km,2,30,0,28.946319283975754,1.0364011985664632,27.913738948056743,1253.7,1445.95,1519.29,1645.968,1182.2633333333333,1884.6,2301.1800000000003,2335.845,2381.837,1893.5933333333332,37.7
gemma4-12b-q4km,4,30,0,28.83952512202086,1.0402390425317039,28.017104878853893,3068.95,3418.02,3606.66,3678.072,2941.1766666666663,3750.15,4109.330000000001,4343.685,4496.516,3653.230000000001,37.75
gemma4-12b-q4km,8,30,0,28.68564758100547,1.0458191649772914,28.167396176721716,6591.3,7310.58,7538.65,7597.93,6010.853333333333,7226.6,7985.48,8220.675,8373.386,6721.71,37.7
gemma4-12b-q4km,16,48,0,45.78809891198762,1.0483073361980813,27.605426519882805,14748.8,15181.74,15313.785,15403.494999999999,12208.279166666665,15429.400000000001,15956.349999999999,16106.875,16268.185,12920.739583333334,36.75
