model,category,rule_total,judge_mean
elyza-jp-8b-gguf-q4km,character_diff,0.99,4.70625
elyza-jp-8b-gguf-q4km,injection,0.5,4.075
elyza-jp-8b-gguf-q4km,knowledge_boundary,0.8639999999999999,4.72
elyza-jp-8b-gguf-q4km,long_dialogue,0.9284210526315788,4.2294117647058815
elyza-jp-8b-gguf-q4km,memory,0.8099999999999999,4.775
elyza-jp-8b-gguf-q4km,personality,0.99,4.625
elyza-jp-8b-gguf-q4km,short_dialogue,0.8550000000000001,4.675
elyza-jp-8b-gguf-q4km,state,0.95,4.633333333333333
elyza-llama3-jp-8b,character_diff,0.9949999999999999,4.6375
elyza-llama3-jp-8b,injection,0.505,3.8875
elyza-llama3-jp-8b,knowledge_boundary,0.9119999999999999,4.74
elyza-llama3-jp-8b,long_dialogue,0.9228070175438596,4.082352941176471
elyza-llama3-jp-8b,memory,0.8012499999999999,4.775
elyza-llama3-jp-8b,personality,1.0,4.5875
elyza-llama3-jp-8b,short_dialogue,0.8637499999999999,4.637499999999999
elyza-llama3-jp-8b,state,0.9650000000000001,4.316666666666666
gemma3-4b-q4km,character_diff,0.9350000000000002,4.838709677419355
gemma3-4b-q4km,injection,0.4,3.5125
gemma3-4b-q4km,knowledge_boundary,0.7959999999999999,4.61
gemma3-4b-q4km,long_dialogue,0.8240350877192982,4.141176470588236
gemma3-4b-q4km,memory,0.5199999999999999,4.175
gemma3-4b-q4km,personality,1.0,4.6375
gemma3-4b-q4km,short_dialogue,0.9412499999999999,4.425
gemma3-4b-q4km,state,0.92,4.3999999999999995
gemma4-12b-q4km,character_diff,0.9572916666666668,
gemma4-12b-q4km,injection,0.9499999999999998,
gemma4-12b-q4km,knowledge_boundary,0.9466666666666668,
gemma4-12b-q4km,long_dialogue,0.9239766081871345,
gemma4-12b-q4km,memory,0.8916666666666666,
gemma4-12b-q4km,personality,1.0,
gemma4-12b-q4km,short_dialogue,0.9645833333333332,
gemma4-12b-q4km,state,0.8555555555555556,
gemma4-e4b-q4km,character_diff,0.9166666666666666,
gemma4-e4b-q4km,injection,0.9249999999999999,
gemma4-e4b-q4km,knowledge_boundary,0.9466666666666668,
gemma4-e4b-q4km,long_dialogue,0.9576023391812866,
gemma4-e4b-q4km,memory,0.8833333333333334,
gemma4-e4b-q4km,personality,0.99375,
gemma4-e4b-q4km,short_dialogue,0.9812500000000001,
gemma4-e4b-q4km,state,0.811111111111111,
qwen2.5-7b-q4km,character_diff,0.7949999999999999,4.16875
qwen2.5-7b-q4km,injection,0.615,4.1625
qwen2.5-7b-q4km,knowledge_boundary,0.757,4.2299999999999995
qwen2.5-7b-q4km,long_dialogue,0.8247368421052632,3.9411764705882355
qwen2.5-7b-q4km,memory,0.6199999999999999,4.3125
qwen2.5-7b-q4km,personality,0.8850000000000001,4.25
qwen2.5-7b-q4km,short_dialogue,0.765,4.2124999999999995
qwen2.5-7b-q4km,state,0.83,3.6333333333333333
qwen3-14b-awq,character_diff,0.9399999999999998,4.8125
qwen3-14b-awq,injection,0.655,4.45
qwen3-14b-awq,knowledge_boundary,0.88,4.83
qwen3-14b-awq,long_dialogue,0.903157894736842,4.323529411764705
qwen3-14b-awq,memory,0.75125,4.675
qwen3-14b-awq,personality,0.9800000000000001,4.5874999999999995
qwen3-14b-awq,short_dialogue,0.825,4.675000000000001
qwen3-14b-awq,state,0.8500000000000001,4.45
qwen3-14b-fp8,character_diff,0.99,4.88125
qwen3-14b-fp8,injection,0.9650000000000001,4.574999999999999
qwen3-14b-fp8,knowledge_boundary,0.9520000000000001,4.889999999999999
qwen3-14b-fp8,long_dialogue,0.9428070175438596,4.2176470588235295
qwen3-14b-fp8,memory,0.85,4.9
qwen3-14b-fp8,personality,0.97625,4.7375
qwen3-14b-fp8,short_dialogue,0.875,4.862500000000001
qwen3-14b-fp8,state,0.9266666666666666,4.5
qwen3-14b-gguf-q4km,character_diff,0.95,4.8
qwen3-14b-gguf-q4km,injection,0.76,4.5875
qwen3-14b-gguf-q4km,knowledge_boundary,0.904,4.7
qwen3-14b-gguf-q4km,long_dialogue,0.9238596491228068,4.394117647058824
qwen3-14b-gguf-q4km,memory,0.9149999999999998,4.7
qwen3-14b-gguf-q4km,personality,0.99,4.6
qwen3-14b-gguf-q4km,short_dialogue,0.9662499999999999,4.8875
qwen3-14b-gguf-q4km,state,0.8966666666666667,4.633333333333334
qwen3-8b-awq-vllm,character_diff,0.97,4.80625
qwen3-8b-awq-vllm,injection,0.54,4.300000000000001
qwen3-8b-awq-vllm,knowledge_boundary,0.868,4.789999999999999
qwen3-8b-awq-vllm,long_dialogue,0.94,4.423529411764706
qwen3-8b-awq-vllm,memory,0.735,4.4125
qwen3-8b-awq-vllm,personality,0.97625,4.35
qwen3-8b-awq-vllm,short_dialogue,0.9462499999999998,4.612500000000001
qwen3-8b-awq-vllm,state,0.95,4.533333333333332
qwen3-8b-q4km,character_diff,0.9650000000000001,4.89375
qwen3-8b-q4km,injection,0.48500000000000004,4.175000000000001
qwen3-8b-q4km,knowledge_boundary,0.887,4.550000000000001
qwen3-8b-q4km,long_dialogue,0.8924561403508771,4.494117647058823
qwen3-8b-q4km,memory,0.83125,4.5125
qwen3-8b-q4km,personality,0.99,4.637499999999999
qwen3-8b-q4km,short_dialogue,0.9512499999999999,4.8375
qwen3-8b-q4km,state,0.985,4.733333333333333
qwen3.8-9b-distill-gguf-q4km,character_diff,0.8375,4.6125
qwen3.8-9b-distill-gguf-q4km,injection,0.53125,4.375
qwen3.8-9b-distill-gguf-q4km,knowledge_boundary,0.774,4.34
qwen3.8-9b-distill-gguf-q4km,long_dialogue,0.652982456140351,3.8882352941176466
qwen3.8-9b-distill-gguf-q4km,memory,0.635,4.0
qwen3.8-9b-distill-gguf-q4km,personality,0.84375,4.3125
qwen3.8-9b-distill-gguf-q4km,short_dialogue,0.73125,4.3875
qwen3.8-9b-distill-gguf-q4km,state,0.7966666666666669,4.016666666666667
shisa-v2-qwen2.5-7b,character_diff,0.7793749999999999,4.65625
shisa-v2-qwen2.5-7b,injection,0.49000000000000005,4.324999999999999
shisa-v2-qwen2.5-7b,knowledge_boundary,0.6809999999999999,4.71
shisa-v2-qwen2.5-7b,long_dialogue,0.8364912280701754,4.123529411764706
shisa-v2-qwen2.5-7b,memory,0.3875,3.7750000000000004
shisa-v2-qwen2.5-7b,personality,1.0,4.325
shisa-v2-qwen2.5-7b,short_dialogue,0.70375,4.5125
shisa-v2-qwen2.5-7b,state,0.7316666666666668,4.499999999999999
