model,display_name,params,quantization,backend,n_quality,n_perf,errors,speed_source,q_hallucination_rate,q_japanese,q_character,q_knowledge,q_emotion,q_long_conversation,q_distinctiveness,q_rule_total,q_judge_dialogue,q_quality,ttft_ms_p50,ttft_ms_p90,ttft_ms_p95,ttft_ms_p99,ttft_ms_mean,latency_ms_p50,latency_ms_p90,latency_ms_p95,latency_ms_p99,latency_ms_mean,tok_s,input_tokens_mean,output_tokens_mean,prefill_ms_p50,rps_max,rps_max_concurrency,agg_tok_s_max,rps_c1,vram_peak_gb,vram_method,ram_peak_gb,gpu_util_mean,gpu_util_max,score_quality,score_latency,score_throughput,score_memory_efficiency,npc_score,npc_score_missing
qwen3-8b-q4km,"Qwen3-8B (Q4_K_M, Ollama)",8B,Q4_K_M,ollama,605,168,0,perf_c1,0.034482758620689655,0.8808371594735231,0.8791320797982114,0.9075862068965517,0.945925925925926,0.8546470588235295,0.9904861111111111,0.8855371900826446,0.9074074074074074,0.9007286621057179,96.55,121.01,121.21,121.584,101.64666666666666,263.55,356.0,363.65,377.92400000000004,273.94,152.25,795.6,25.366666666666667,21.7,4.938250593504631,4,122.27091335443791,3.6442102876764086,6.2734375,process,1.6124076843261719,69.92840375586854,98,0.9007286621057179,1.0,0.8011851034743267,0.9848090277777778,91.40594324570716,
qwen2.5-7b-q4km,"Qwen2.5-7B-Instruct (Q4_K_M, Ollama)",7B,Q4_K_M,ollama,605,168,0,perf_c1,0.06206896551724138,0.7178986838077747,0.8355205228158679,0.8146551724137931,0.8535185185185186,0.7377647058823529,0.9866870166870166,0.788099173553719,0.7484567901234568,0.8090328938310832,105.5,124.92,126.475,128.523,108.18333333333337,328.0,421.3,436.43999999999994,547.1380000000001,327.29333333333324,179.3,787.6,35.833333333333336,19.55,3.976818695768708,2,142.14698803615497,3.050413134763235,5.31640625,process,4.865085601806641,65.93915343915344,97,0.8090328938310832,1.0,0.7387544607642018,1.0,85.57812607217261,
gemma3-4b-q4km,"Gemma3-4B-it (Q4_K_M, Ollama)",4B,Q4_K_M,ollama,605,168,0,perf_c1,0.0896551724137931,0.801317694163544,0.8424892853005908,0.7663793103448275,0.918944099378882,0.7282352941176471,0.9875694444444445,0.812396694214876,0.8400621118012421,0.8202428719790137,194.2,206.87,211.375,212.87800000000001,197.07333333333332,325.04999999999995,388.25,392.905,396.24,317.4033333333333,222.3,691.0,24.366666666666667,16.6,6.739655191229968,16,163.99827631992923,3.1087639913254317,4.185546875,process,2.475841522216797,41.22477064220183,91,0.8202428719790137,0.9727222222222223,0.9181594280019459,1.0,88.3401938233194,
qwen3-8b-awq-vllm,"Qwen3-8B (AWQ, vLLM)",8B,AWQ-INT4,vllm,605,168,0,perf_c1,0.05517241379310345,0.8890312213039485,0.8890197202476496,0.8362068965517241,0.8787037037037037,0.8722941176470589,0.9779861111111111,0.9013223140495867,0.8873456790123457,0.881175011576791,13.3,13.8,13.91,14.355,13.343333333333334,182.64999999999998,311.23,328.03999999999996,339.952,210.38,148.05,791.6,30.2,9.3,46.023995694775145,16,1318.3957100065797,4.555851144689341,13.49609375,process,3.9625930786132812,95.1394148020654,100,0.881175011576791,1.0,1.0,0.5835503472222222,89.30012910894574,
elyza-jp-8b-gguf-q4km,"Llama-3-ELYZA-JP-8B (GGUF Q4_K_M, llama.cpp)",8B,GGUF-Q4_K_M,llamacpp,605,168,0,perf_c1,0.07586206896551724,0.8783226201408019,0.8803703279064434,0.9427586206896552,0.9162962962962963,0.8368235294117646,0.9916666666666667,0.8953719008264461,0.8688271604938271,0.9037480704899239,23.55,84.54,92.70999999999997,100.16499999999999,42.20333333333333,217.2,499.17,587.2099999999996,804.2530000000002,254.76666666666668,159.2,795.6,35.03333333333333,10.3,11.51037620338978,16,347.46948163982904,3.9185636396283354,12.8515625,process,4.611904144287109,78.6375,97,0.9037480704899239,1.0,1.0,0.6193576388888888,90.89972026583472,
qwen3-14b-awq,"Qwen3-14B (AWQ, vLLM)",14B,AWQ-INT4,vllm,605,168,0,perf_c1,0.034482758620689655,0.8751499846954393,0.9005354276542077,0.9356896551724139,0.8437037037037036,0.8193529411764706,0.9941666666666666,0.8769421487603305,0.896604938271605,0.8957494744765406,17.45,18.02,18.584999999999997,19.255,17.59333333333333,300.9,404.75000000000006,443.21,469.88100000000003,305.7066666666667,95.1,791.6,28.4,13.25,29.512917022303412,16,830.0507912522835,2.9929361248481605,13.37109375,process,5.975711822509766,92.48255114320096,100,0.8957494744765406,1.0,0.9727777777777777,0.5904947916666666,89.76283567954309,
shisa-v2-qwen2.5-7b,"Shisa V2 Qwen2.5-7B (BF16, vLLM)",7B,BF16,vllm,605,168,0,perf_c1,0.06896551724137931,0.7225436179981635,0.8507544141252008,0.771896551724138,0.92,0.7769999999999998,0.9847778379028379,0.7603305785123967,0.8132716049382716,0.8146615281459911,25.4,26.4,26.729999999999997,28.349,25.43333333333333,773.8,1093.02,1107.03,1164.1,750.6,62.8,787.6,46.56666666666667,18.55,14.545239389826534,16,659.990237313379,1.315712530300499,18.490234375,process,6.9095916748046875,97.37333333333333,100,0.8146615281459911,0.9403494117647059,0.7933333333333333,0.3060980902777778,78.57435318610142,
elyza-llama3-jp-8b,"Llama-3-ELYZA-JP-8B (BF16, vLLM)",8B,BF16,vllm,605,168,0,perf_c1,0.07586206896551724,0.8644322007958372,0.8492238018803027,0.9277586206896551,0.8738888888888889,0.7829999999999999,0.9880456349206349,0.8990909090909092,0.8518518518518519,0.878314308088594,27.65,43.9,44.12,44.726,30.87333333333333,472.35,822.3300000000002,882.33,1049.7340000000002,472.72333333333336,59.6,795.6,27.533333333333335,19.5,21.73897615432663,16,592.8399955419491,2.0756078203982784,18.474609375,process,6.682247161865234,95.39478584729981,100,0.878314308088594,0.966784705882353,0.7755555555555556,0.3069661458333333,82.34597585418639,
qwen3-14b-gguf-q4km,"Qwen3-14B (GGUF Q4_K_M, llama.cpp)",14B,GGUF-Q4_K_M,llamacpp,605,168,0,perf_c1,0.013793103448275862,0.9018640955004591,0.9063907360697088,0.926551724137931,0.8861111111111111,0.8008823529411764,0.9906944444444444,0.9200826446280993,0.9197530864197532,0.9011018058452482,42.25,73.35000000000001,82.51999999999998,84.713,48.80333333333333,280.25,427.6700000000001,481.49499999999995,583.056,312.68666666666667,89.35,791.6,24.566666666666666,19.25,9.779859875662396,16,229.21546583583742,3.193949719658711,14.025390625,process,3.3052902221679688,84.6329411764706,98,0.9011018058452482,1.0,0.9408333333333333,0.5541449652777778,89.21454897426642,
qwen3-14b-fp8,"Qwen3-14B (FP8, vLLM)",14B,FP8,vllm,605,168,0,perf_c1,0.020689655172413793,0.9201117232935415,0.9086253152946571,0.9572413793103448,0.871851851851852,0.7815294117647058,0.9809027777777778,0.9420661157024794,0.9151234567901234,0.9075626272728948,28.3,29.89,45.12999999999993,102.06600000000006,32.36666666666666,439.4,611.7800000000001,652.0349999999999,1192.2490000000007,480.0833333333333,58.3,791.6,27.1,20.25,25.75184170546143,16,678.6683282793481,2.0427339543260934,17.810546875,process,3.9668960571289062,97.57877551020408,100,0.9075626272728948,0.9938782352941177,0.7683333333333333,0.3438585069444444,84.75709427533602,
qwen3.8-9b-distill-gguf-q4km,"Qwen3.8-9B-Distill (GGUF Q4_K_M, llama.cpp)",9.2B,GGUF-Q4_K_M,llamacpp,605,168,0,perf_c1,0.07586206896551724,0.6577456382001836,0.8138752579683558,0.7844827586206897,0.8918518518518519,0.6674117647058824,0.9770826395826396,0.7030578512396692,0.8009259259259258,0.7774500827382118,138.3,207.24000000000004,220.89499999999998,232.282,141.17333333333332,477.3,608.6800000000001,679.2549999999998,723.1120000000001,469.6166666666667,136.85000000000002,694.2,45.96666666666667,75.55,4.204304927733907,16,195.58776882562114,2.1275404343038273,8.056640625,process,10.875938415527344,72.37553256238589,96,0.7774500827382118,0.9591669934640523,0.7535262940086953,0.8857421875,82.10341070501313,
gemma4-e4b-q4km,"Gemma4-E4B-it (Q4_K_M, Ollama)",4.5B,Q4_K_M,ollama,363,168,0,perf_c1,0.011494252873563218,0.9201101928374655,0.9550561797752809,0.9540229885057472,0.6666666666666667,0.9450980392156861,0.9925925925925926,0.9409090909090908,,0.9212296534572649,435.85,485.28000000000003,526.3449999999999,538.142,433.9233333333333,806.7,918.88,929.4,1033.7490000000003,808.18,62.05,691.0,24.1,60.0,2.2562151831686337,16,55.183263021666164,1.236343759769374,4.8853607177734375,process,5.6387939453125,49.49948132780083,96,0.9212296534572649,0.7939826143790849,0.4161936266126818,1.0,82.79018762692151,
gemma4-12b-q4km,"Gemma4-12B-it (Q4_K_M, Ollama)",12B,Q4_K_M,ollama,363,168,0,perf_c1,0.022988505747126436,0.8870523415977961,0.9400749063670412,0.9655172413793104,0.8888888888888888,0.9450980392156864,0.996031746031746,0.934159779614325,,0.9370615293122114,606.5,768.11,779.375,794.537,629.6633333333334,1369.25,1582.14,1609.03,1626.231,1339.2366666666667,38.05,695.0,26.933333333333334,174.0,1.0483073361980813,16,28.167396176721716,0.7463659581251069,8.979415893554688,process,7.355991363525391,65.22501514233798,96,0.9370615293122114,0.601568366013072,0.2044247188007412,0.8344768948025174,74.98089116246936,
